country,type,count,GDP_per_capita
Algeria,origin,1,
Antigua and Barbuda,origin,1,6445.80726093411
Argentina,destination,1,10738.0179223384
Argentina,origin,1,10738.0179223384
Armenia,origin,1,4685.17997128509
Australia,destination,40,60607.7788605166
Australia,origin,25,60607.7788605166
Azerbaijan,origin,1,5408.04535175023
Brazil,destination,1,7972.53665048385
Brazil,origin,5,7972.53665048385
Chile,destination,1,66912.1750054447
Chile,origin,2,66912.1750054447
Colombia,destination,1,6222.62164397614
Cyprus,destination,1,33734.29296875
Denmark,destination,8,3785.93627929688
Egypt,origin,3,3827.35415374308
Finland,destination,3,53099.1351400148
France,destination,6,43725.0999521245
France,origin,2,43725.0999521245
Hungary,origin,2,18755.1023464312
Hungary,origin,2,2017.27486481527
India,destination,1,2239.61384367482
India,origin,12,2239.61384367482
Iraq,origin,2,4868.49431080783
Israel,origin,2,52255.6159050999
Italy,destination,1,36852.5425414951
Italy,origin,5,36852.5425414951
Japan,destination,4,15509.8069109784
Japan,origin,2,15509.8069109784
Jordan,origin,1,4183.49998326866
Luxembourg,origin,1,133711.794435985
Mexico,destination,1,10314.0506741437
Mexico,origin,2,10314.0506741437
Norway,destination,4,828.833032800998
Oman,destination,1,19403.4600160211
Pakistan,origin,5,1455.31922370186
Portugal,origin,1,882.791717542504
Qatar,destination,1,71751.8831234838
Slovenia,origin,1,
Sweden,destination,3,61174.9680215622
Thailand,origin,1,7058.0694998852
Turkey,origin,7,9743.21277804855
Ukraine,destination,9,4775.94580078125
Ukraine,origin,13,4775.94580078125
